0,1,2,3,4,5,6,7,8,9,10,11,12,13,14,15,16,17,18,19,20,21,22,23,24,25,26,27,28,29,30,31,32,33,34,35,36,37
Andhra Pradesh,1,Adilabad,,,,,,,,635,36,,4,675,,,,,,,,,,,,,,,,,,,,,,,
Andhra Pradesh,2,Anantapur,,,,,,,,3075,83,,9,3167,,,,,,,,,,,,,,,,,,,,,,,
Andhra Pradesh,3,Chittoor,,,,,,,,2032,178,,,2210,,,,,,,,,,,,,,,,,,,,,,,
Andhra Pradesh,4,Cuddapah,,,,,,,,5956,162,,121,6239,,,,,,,,,,,,,,,,,,,,,,,
Andhra Pradesh,5,East Godavari,,,,,,,,8062,5827,,146,14035,,,,,,,,,,,,,,,,,,,,,,,
Andhra Pradesh,6,Guntur,,,,,,,,8188,633,,6,8827,,,,,,,,,,,,,,,,,,,,,,,
Andhra Pradesh,7,Hyderabad,,,,,,,,4,,,,4,,,,,,,,,,,,,,,,,,,,,,,
Andhra Pradesh,8,Karimnagar,,,,,,,,,,,,0,,,,,,,,,,,,,,,,,,,,,,,
Andhra Pradesh,9,Khamman,,,,,,,,710,442,,8,1160,,,,,,,,,,,,,,,,,,,,,,,
Andhra Pradesh,10,Krishna,,,,,,,,6630,729,,25,7384,,,,,,,,,,,,,,,,,,,,,,,
Andhra Pradesh,11,Kurnool,,,,,,,,597,56,,170,823,,,,,,,,,,,,,,,,,,,,,,,
Andhra Pradesh,12,Mahabubnagar,,,,,,,,1989,522,,57,2568,,,,,,,,,,,,,,,,,,,,,,,
Andhra Pradesh,13,Medak,,,,,,,,1948,5,,11,1964,,,,,,,,,,,,,,,,,,,,,,,
Andhra Pradesh,14,Nalgonda,,,,,,,,1061,1,,,1062,,,,,,,,,,,,,,,,,,,,,,,
Andhra Pradesh,15,Nellore,,,,,,,,21594,512,,1,22107,,,,,,,,,,,,,,,,,,,,,,,
Andhra Pradesh,16,Nizamabad,,,,,,,,7099,96,,1282,8477,,,,,,,,,,,,,,,,,,,,,,,
Andhra Pradesh,17,Prakasam,,,,,,,,1042,504,,13,1559,,,,,,,,,,,,,,,,,,,,,,,
Andhra Pradesh,18,Ranga Reddy,,,,,,,,1706,2,,39,1747,,,,,,,,,,,,,,,,,,,,,,,
Andhra Pradesh,19,Srikakulam,,,,,,,,3706,425,,26,4157,,,,,,,,,,,,,,,,,,,,,,,
Andhra Pradesh,20,Visakhapatanam,,,,,,,,3004,361,,26,3391,,,,,,,,,,,,,,,,,,,,,,,
Andhra Pradesh,21,Vizianagaram,,,,,,,,1761,229,,6,1996,,,,,,,,,,,,,,,,,,,,,,,
Andhra Pradesh,22,Warangal,,,,,,,,1358,138,,5,1501,,,,,,,,,,,,,,,,,,,,,,,
Andhra Pradesh,23,West Godavari,,,,,,,,8017,4890,,455,13362,,,,,,,,,,,,,,,,,,,,,,,
Andhra Pradesh,,TOTAL,,,,,,,,90174,15831,,2410,108415,,,,,,,,,,,,,,,,,,,,,,,
Andhra Pradesh,,check,,,,,,,,90174,15831,0,2410,108415,,,,,,,,,,,,,,,,,,,,,,,
,,,,,,,,,,,,,,,,,,,,,,,,,,,,,,,,,,,,,
Assam,1,Barpetta,,,,,,,,188,832,,,1020,,,,,,,,,,,,,,,,,,,,,,,
Assam,2,Cachar,,,,,,,,,,,,0,,,,,,,,,,,,,,,,,,,,,,,
Assam,3,Debrugarh,,,,,,,,46,2183,,,2229,,,,,,,,,,,,,,,,,,,,,,,
Assam,4,Dhubri,,,,,,,,6,1520,,,1526,,,,,,,,,,,,,,,,,,,,,,,
Assam,5,Goalpara,,,,,,,,4,656,,,660,,,,,,,,,,,,,,,,,,,,,,,
Assam,6,Golaghat,,,,,,,,,669,,,669,,,,,,,,,,,,,,,,,,,,,,,
Assam,7,Kamrup,,,,,,,,11,905,1,,917,,,,,,,,,,,,,,,,,,,,,,,
Assam,8,Karbi Anglong,,,,,,,,5,62,,,67,,,,,,,,,,,,,,,,,,,,,,,
Assam,9,Karimganj,,,,,,,,,,,,0,,,,,,,,,,,,,,,,,,,,,,,
Assam,10,Kokrajhar,,,,,,,,3,753,,,756,,,,,,,,,,,,,,,,,,,,,,,
Assam,11,Lakhimpur,,,,,,,,2,800,,,802,,,,,,,,,,,,,,,,,,,,,,,
Assam,12,N.C. Hills,,,,,,,,,,,,0,,,,,,,,,,,,,,,,,,,,,,,
Assam,13,Nagaon,,,,,,,,176,1582,,,1758,,,,,,,,,,,,,,,,,,,,,,,
Assam,14,Nalbari,,,,,,,,75,699,,,774,,,,,,,,,,,,,,,,,,,,,,,
Assam,15,Sibasagar,,,,,,,,15,1215,,,1230,,,,,,,,,,,,,,,,,,,,,,,
Assam,16,Sonipur,,,,,,,,104,1403,,2,1509,,,,,,,,,,,,,,,,,,,,,,,
Assam,,TOTAL,,,,,,,,635,13279,,2,13916,,,,,,,,,,,,,,,,,,,,,,,
Assam,,check,,,,,,,,635,13279,1,2,13917,,,,,,,,,,,,,,,,,,,,,,,
,,,,,,,,,,,,,,,,,,,,,,,,,,,,,,,,,,,,,
Bihar,1,Araria,,,,,,,,6,12867,,,12873,,,,,,,,,,,,,,,,,,,,,,,
Bihar,2,Aurangabad,,,,,,,,1489,1893,186,313,3881,,,,,,,,,,,,,,,,,,,,,,,
Bihar,3,Begusarai,,,,,,,,857,12297,,,13154,,,,,,,,,,,,,,,,,,,,,,,
Bihar,4,Bhagalpur,,,,,,,,1463,9638,49,571,11721,,,,,,,,,,,,,,,,,,,,,,,
Bihar,5,Bhojpur,,,,,,,,3413,15624,10,22,19069,,,,,,,,,,,,,,,,,,,,,,,
Bihar,6,Darbhanga,,,,,,,,32,7796,,,7828,,,,,,,,,,,,,,,,,,,,,,,
Bihar,7,Deoghar,,,,,,,,,,,,0,,,,,,,,,,,,,,,,,,,,,,,
Bihar,8,Dhanbad,,,,,,,,,,,,0,,,,,,,,,,,,,,,,,,,,,,,
Bihar,9,Dumka,,,,,,,,,,,,0,,,,,,,,,,,,,,,,,,,,,,,
Bihar,10,East Champaran,,,,,,,,26,19369,,,19395,,,,,,,,,,,,,,,,,,,,,,,
Bihar,11,East Singhbhum,,,,,,,,2,421,6,3,432,,,,,,,,,,,,,,,,,,,,,,,
Bihar,12,Gaya,,,,,,,,6207,10272,28,248,16755,,,,,,,,,,,,,,,,,,,,,,,
Bihar,13,Giridih,,,,,,,,113,7,,,120,,,,,,,,,,,,,,,,,,,,,,,
Bihar,14,Gonda,,,,,,,,15,609,12,2,638,,,,,,,,,,,,,,,,,,,,,,,
Bihar,15,Gopalganj,,,,,,,,4,15963,,,15967,,,,,,,,,,,,,,,,,,,,,,,
Bihar,16,Gumla,,,,,,,,,,,,0,,,,,,,,,,,,,,,,,,,,,,,
Bihar,17,Hazaribagh,,,,,,,,93,61,,,154,,,,,,,,,,,,,,,,,,,,,,,
Bihar,18,Jahanabad,,,,,,,,2417,6676,13,26,9132,,,,,,,,,,,,,,,,,,,,,,,
Bihar,19,Katihar,,,,,,,,44,17382,5,,17431,,,,,,,,,,,,,,,,,,,,,,,
Bihar,20,Khagaria,,,,,,,,,6852,,,6852,,,,,,,,,,,,,,,,,,,,,,,
Bihar,21,Kishanganj,,,,,,,,,4171,,,4171,,,,,,,,,,,,,,,,,,,,,,,
Bihar,22,Lohardaga,,,,,,,,,,,,0,,,,,,,,,,,,,,,,,,,,,,,
Bihar,23,Madhepura,,,,,,,,22,13108,,,13130,,,,,,,,,,,,,,,,,,,,,,,
Bihar,24,Madhubani,,,,,,,,61,9799,,54,9914,,,,,,,,,,,,,,,,,,,,,,,
Bihar,25,Munger,,,,,,,,1592,7682,83,10,9367,,,,,,,,,,,,,,,,,,,,,,,
Bihar,26,Muzaffarpur,,,,,,,,254,27888,,13,28155,,,,,,,,,,,,,,,,,,,,,,,
Bihar,27,Nalanda,,,,,,,,1545,5982,30,2,7559,,,,,,,,,,,,,,,,,,,,,,,
Bihar,28,Nawadah,,,,,,,,5256,4461,251,,9968,,,,,,,,,,,,,,,,,,,,,,,
Bihar,29,Palmau,,,,,,,,314,25,,7,346,,,,,,,,,,,,,,,,,,,,,,,
Bihar,30,Patna,,,,,,,,3949,13709,149,22,17829,,,,,,,,,,,,,,,,,,,,,,,
Bihar,31,Purnea,,,,,,,,34,11756,,,11790,,,,,,,,,,,,,,,,,,,,,,,
Bihar,32,Ranchi,,,,,,,,,,,,0,,,,,,,,,,,,,,,,,,,,,,,
Bihar,33,Rohtas,,,,,,,,7511,11756,16,60,19343,,,,,,,,,,,,,,,,,,,,,,,
Bihar,34,Saharsa,,,,,,,,28,23036,1,,23065,,,,,,,,,,,,,,,,,,,,,,,
Bihar,35,Sahebganj,,,,,,,,69,499,,11,579,,,,,,,,,,,,,,,,,,,,,,,
Bihar,36,Samistipur,,,,,,,,590,25758,,7,26355,,,,,,,,,,,,,,,,,,,,,,,
Bihar,37,Saran,,,,,,,,205,21323,,21,21549,,,,,,,,,,,,,,,,,,,,,,,
Bihar,38,Sitamarhi,,,,,,,,882,15928,,2,16812,,,,,,,,,,,,,,,,,,,,,,,
Bihar,39,Siwan,,,,,,,,7,18691,,,18698,,,,,,,,,,,,,,,,,,,,,,,
Bihar,40,Vaishali,,,,,,,,467,19666,57,39,20229,,,,,,,,,,,,,,,,,,,,,,,
Bihar,41,West Champaran,,,,,,,,7,10489,,,10496,,,,,,,,,,,,,,,,,,,,,,,
Bihar,42,West Singhbhum,,,,,,,,,,,,0,,,,,,,,,,,,,,,,,,,,,,,
Bihar,,TOTAL,,,,,,,,38974,383454,896,1433,424757,,,,,,,,,,,,,,,,,,,,,,,
Bihar,,check,,,,,,,,38974,383454,896,1433,424757,,,,,,,,,,,,,,,,,,,,,,,
,,,,,,,,,,,,,,,,,,,,,,,,,,,,,,,,,,,,,
Goa,1,North Goa,,,,,,,,2,,,,2,,,,,,,,,,,,,,,,,,,,,,,
Goa,2,South Goa,,,,,,,,2,1,,,3,,,,,,,,,,,,,,,,,,,,,,,
Goa,,TOTAL,,,,,,,,4,1,,,5,,,,,,,,,,,,,,,,,,,,,,,
Goa,,check,,,,,,,,4,1,0,0,5,,,,,,,,,,,,,,,,,,,,,,,
,,,,,,,,,,,,,,,,,,,,,,,,,,,,,,,,,,,,,
Gujarat,1,Ahmedabad,,,,,,,,377,216,,2,595,,,,,,,,,,,,,,,,,,,,,,,
Gujarat,2,Amreli,,,,,,,,,,,,0,,,,,,,,,,,,,,,,,,,,,,,
Gujarat,3,Banskantha,,,,,,,,499,201,,,700,,,,,,,,,,,,,,,,,,,,,,,
Gujarat,4,Baruch,,,,,,,,632,328,40,29,1029,,,,,,,,,,,,,,,,,,,,,,,
Gujarat,5,Bhavnagar,,,,,,,,,,,,0,,,,,,,,,,,,,,,,,,,,,,,
Gujarat,6,Dang,,,,,,,,1,,,,1,,,,,,,,,,,,,,,,,,,,,,,
Gujarat,7,Gandhinagar,,,,,,,,,,,,0,,,,,,,,,,,,,,,,,,,,,,,
Gujarat,8,Jamnagar,,,,,,,,,,,,0,,,,,,,,,,,,,,,,,,,,,,,
Gujarat,9,Junagadh,,,,,,,,,,,,0,,,,,,,,,,,,,,,,,,,,,,,
Gujarat,10,Kuchchh,,,,,,,,,,,,0,,,,,,,,,,,,,,,,,,,,,,,
Gujarat,11,Kheda,,,,,,,,651,51,,,702,,,,,,,,,,,,,,,,,,,,,,,
Gujarat,12,Mehsana,,,,,,,,199,139,,,338,,,,,,,,,,,,,,,,,,,,,,,
Gujarat,13,Panchmahal,,,,,,,,,,,,0,,,,,,,,,,,,,,,,,,,,,,,
Gujarat,14,Rajkot,,,,,,,,,,,,0,,,,,,,,,,,,,,,,,,,,,,,
Gujarat,15,Sabarkantha,,,,,,,,381,57,,,438,,,,,,,,,,,,,,,,,,,,,,,
Gujarat,16,Surat,,,,,,,,113,24,,,137,,,,,,,,,,,,,,,,,,,,,,,
Gujarat,17,Surendranagar,,,,,,,,14,152,,3,169,,,,,,,,,,,,,,,,,,,,,,,
Gujarat,18,Vadodara,,,,,,,,437,2,,,439,,,,,,,,,,,,,,,,,,,,,,,
Gujarat,19,Valsad,,,,,,,,46,6,1,,53,,,,,,,,,,,,,,,,,,,,,,,
Gujarat,,TOTAL,,,,,,,,3350,1176,41,34,4601,,,,,,,,,,,,,,,,,,,,,,,
Gujarat,,check,,,,,,,,3350,1176,41,34,4601,,,,,,,,,,,,,,,,,,,,,,,
,,,,,,,,,,,,,,,,,,,,,,,,,,,,,,,,,,,,,
Haryana,1,Ambala,,,,,,,,22704,7303,,13,30020,,,,,,,,,,,,,,,,,,,,,,,
Haryana,2,Bhiwani,,,,,,,,3182,2025,,,5207,,,,,,,,,,,,,,,,,,,,,,,
Haryana,3,Faridabad,,,,,,,,11616,9459,,,21075,,,,,,,,,,,,,,,,,,,,,,,
Haryana,4,Gurgaon,,,,,,,,23072,4360,,8,27440,,,,,,,,,,,,,,,,,,,,,,,
Haryana,5,Hissar,,,,,,,,13165,13498,,20,26683,,,,,,,,,,,,,,,,,,,,,,,
Haryana,6,Jind,,,,,,,,11545,9198,,,20743,,,,,,,,,,,,,,,,,,,,,,,
Haryana,7,Karnal,,,,,,,,50746,21930,,,72676,,,,,,,,,,,,,,,,,,,,,,,
Haryana,8,Kurukshetra,,,,,,,,42553,33421,,,75974,,,,,,,,,,,,,,,,,,,,,,,
Haryana,9,M/Garh,,,,,,,,14824,147,,,14971,,,,,,,,,,,,,,,,,,,,,,,
Haryana,10,Rohtak,,,,,,,,13060,5890,,,18950,,,,,,,,,,,,,,,,,,,,,,,
Haryana,11,Sirsa,,,,,,,,6938,7416,,45,14399,,,,,,,,,,,,,,,,,,,,,,,
Haryana,12,Soniput,,,,,,,,11083,11743,,,22826,,,,,,,,,,,,,,,,,,,,,,,
Haryana,,TOTAL,,,,,,,,226488,129390,,86,355964,,,,,,,,,,,,,,,,,,,,,,,
Haryana,,check,,,,,,,,224488,126390,0,86,350964,,,,,,,,,,,,,,,,,,,,,,,
,,,,,,,,,,,,,,,,,,,,,,,,,,,,,,,,,,,,,
Himachal Pradesh,1,Balaspur,,,,,,,,,30,,,30,,,,,,,,,,,,,,,,,,,,,,,
Himachal Pradesh,2,Chamba,,,,,,,,,,,,0,,,,,,,,,,,,,,,,,,,,,,,
Himachal Pradesh,3,Hamirpur,,,,,,,,28,1,2,,31,,,,,,,,,,,,,,,,,,,,,,,
Himachal Pradesh,4,Kangra,,,,,,,,55,,,,55,,,,,,,,,,,,,,,,,,,,,,,
Himachal Pradesh,5,Kinnaur,,,,,,,,,,,,0,,,,,,,,,,,,,,,,,,,,,,,
Himachal Pradesh,6,Kulu,,,,,,,,,,,,0,,,,,,,,,,,,,,,,,,,,,,,
Himachal Pradesh,7,Lahul Spiti,,,,,,,,,,,,0,,,,,,,,,,,,,,,,,,,,,,,
Himachal Pradesh,8,Mandi,,,,,,,,23,,,3,26,,,,,,,,,,,,,,,,,,,,,,,
Himachal Pradesh,9,Shimla,,,,,,,,,,,,0,,,,,,,,,,,,,,,,,,,,,,,
Himachal Pradesh,10,Sirmaur,,,,,,,,65,6,,2,73,,,,,,,,,,,,,,,,,,,,,,,
Himachal Pradesh,11,Solan,,,,,,,,126,54,3,,183,,,,,,,,,,,,,,,,,,,,,,,
Himachal Pradesh,12,Una,,,,,,,,350,528,,,878,,,,,,,,,,,,,,,,,,,,,,,
Himachal Pradesh,,TOTAL,,,,,,,,647,619,,,1266,,,,,,,,,,,,,,,,,,,,,,,
Himachal Pradesh,,check,,,,,,,,647,619,5,5,1276,,,,,,,,,,,,,,,,,,,,,,,
,,,,,,,,,,,,,,,,,,,,,,,,,,,,,,,,,,,,,
Jammu & Kashmir,1,Anantmag,,,,,,,,,,,,0,,,,,,,,,,,,,,,,,,,,,,,
Jammu & Kashmir,2,Baramulla,,,,,,,,,,,,0,,,,,,,,,,,,,,,,,,,,,,,
Jammu & Kashmir,3,Budgam,,,,,,,,,,,,0,,,,,,,,,,,,,,,,,,,,,,,
Jammu & Kashmir,4,Doda,,,,,,,,,,,,0,,,,,,,,,,,,,,,,,,,,,,,
Jammu & Kashmir,5,Jammu,,,,,,,,640,69,,3,712,,,,,,,,,,,,,,,,,,,,,,,
Jammu & Kashmir,6,Kargil,,,,,,,,,,,,0,,,,,,,,,,,,,,,,,,,,,,,
Jammu & Kashmir,7,Kathua,,,,,,,,14,5,,,19,,,,,,,,,,,,,,,,,,,,,,,
Jammu & Kashmir,8,Kupwara,,,,,,,,4,4,,3,11,,,,,,,,,,,,,,,,,,,,,,,
Jammu & Kashmir,9,Leh,,,,,,,,,,,,0,,,,,,,,,,,,,,,,,,,,,,,
Jammu & Kashmir,10,Poonch,,,,,,,,,,,,0,,,,,,,,,,,,,,,,,,,,,,,
Jammu & Kashmir,11,Pfilwama,,,,,,,,,,,,0,,,,,,,,,,,,,,,,,,,,,,,
Jammu & Kashmir,12,Rajouri,,,,,,,,,,,,0,,,,,,,,,,,,,,,,,,,,,,,
Jammu & Kashmir,13,Srinagar,,,,,,,,2,4,,,6,,,,,,,,,,,,,,,,,,,,,,,
Jammu & Kashmir,14,Udhampur,,,,,,,,,,,,0,,,,,,,,,,,,,,,,,,,,,,,
Jammu & Kashmir,,TOTAL,,,,,,,,660,82,,6,748,,,,,,,,,,,,,,,,,,,,,,,
Jammu & Kashmir,,check,,,,,,,,660,82,0,6,748,,,,,,,,,,,,,,,,,,,,,,,
,,,,,,,,,,,,,,,,,,,,,,,,,,,,,,,,,,,,,
Karnataka,1,Bangalore (R),,,,,,,,5038,26,8,122,5194,,,,,,,,,,,,,,,,,,,,,,,
Karnataka,2,Bangalore (U),,,,,,,,3842,,1,100,3943,,,,,,,,,,,,,,,,,,,,,,,
Karnataka,3,Belgaum,,,,,,,,3828,2,1,2,3833,,,,,,,,,,,,,,,,,,,,,,,
Karnataka,4,Bellary,,,,,,,,1169,9,,4,1182,,,,,,,,,,,,,,,,,,,,,,,
Karnataka,5,Bidar,,,,,,,,202,,2,,204,,,,,,,,,,,,,,,,,,,,,,,
Karnataka,6,Bijapur,,,,,,,,591,,,6,597,,,,,,,,,,,,,,,,,,,,,,,
Karnataka,7,Chickmagalur,,,,,,,,470,13,4,65,552,,,,,,,,,,,,,,,,,,,,,,,
Karnataka,8,Chitradurga,,,,,,,,4782,16,1,26,4825,,,,,,,,,,,,,,,,,,,,,,,
Karnataka,9,D. Kannada,,,,,,,,439,34,,7,480,,,,,,,,,,,,,,,,,,,,,,,
Karnataka,10,Dharwad,,,,,,,,4767,15,,214,4996,,,,,,,,,,,,,,,,,,,,,,,
Karnataka,11,Gulbarga,,,,,,,,170,,,83,253,,,,,,,,,,,,,,,,,,,,,,,
Karnataka,12,Hassan,,,,,,,,1282,,,10,1292,,,,,,,,,,,,,,,,,,,,,,,
Karnataka,13,Kodagu,,,,,,,,7,,,,7,,,,,,,,,,,,,,,,,,,,,,,
Karnataka,14,Kolar,,,,,,,,6513,,,57,6570,,,,,,,,,,,,,,,,,,,,,,,
Karnataka,15,Mandya,,,,,,,,107,1,,9,117,,,,,,,,,,,,,,,,,,,,,,,
Karnataka,16,Mysore,,,,,,,,673,3,,4,680,,,,,,,,,,,,,,,,,,,,,,,
Karnataka,17,Raichur,,,,,,,,565,4,,5,574,,,,,,,,,,,,,,,,,,,,,,,
Karnataka,18,Shimoga,,,,,,,,2054,,6,67,2127,,,,,,,,,,,,,,,,,,,,,,,
Karnataka,19,Tumkur,,,,,,,,3299,17,6,48,3370,,,,,,,,,,,,,,,,,,,,,,,
Karnataka,20,U. Kannada,,,,,,,,114,1,,12,127,,,,,,,,,,,,,,,,,,,,,,,
Karnataka,,TOTAL,,,,,,,,39912,141,,841,40923,,,,,,,,,,,,,,,,,,,,,,,
Karnataka,,check,,,,,,,,39912,141,29,841,40923,,,,,,,,,,,,,,,,,,,,,,,
,,,,,,,,,,,,,,,,,,,,,,,,,,,,,,,,,,,,,
Madhya Pradesh,1,Baitul,,,,,,,,,,,,0,,,,,,,,,,,,,,,,,,,,,,,
Madhya Pradesh,2,Balaghat,,,,,,,,1,,,,1,,,,,,,,,,,,,,,,,,,,,,,
Madhya Pradesh,3,Baster,,,,,,,,18,,,,18,,,,,,,,,,,,,,,,,,,,,,,
Madhya Pradesh,4,Bhind,,,,,,,,124,5,,26,155,,,,,,,,,,,,,,,,,,,,,,,
Madhya Pradesh,5,Bhopal,,,,,,,,411,,,,411,,,,,,,,,,,,,,,,,,,,,,,
Madhya Pradesh,6,Bilaspur,,,,,,,,270,2,1,,273,,,,,,,,,,,,,,,,,,,,,,,
Madhya Pradesh,7,Chatturpur,,,,,,,,,,,,0,,,,,,,,,,,,,,,,,,,,,,,
Madhya Pradesh,8,Chhindwara,,,,,,,,,,,,0,,,,,,,,,,,,,,,,,,,,,,,
Madhya Pradesh,9,Damoh,,,,,,,,219,61,,4,284,,,,,,,,,,,,,,,,,,,,,,,
Madhya Pradesh,10,Datia,,,,,,,,12,,,,12,,,,,,,,,,,,,,,,,,,,,,,
Madhya Pradesh,11,Devas,,,,,,,,2106,,,,2106,,,,,,,,,,,,,,,,,,,,,,,
Madhya Pradesh,12,Dhar,,,,,,,,6007,49,1,,6057,,,,,,,,,,,,,,,,,,,,,,,
Madhya Pradesh,13,Durg,,,,,,,,627,14,,3,644,,,,,,,,,,,,,,,,,,,,,,,
Madhya Pradesh,14,Guna,,,,,,,,20,,,,20,,,,,,,,,,,,,,,,,,,,,,,
Madhya Pradesh,15,Gwalior,,,,,,,,114,71,,28,213,,,,,,,,,,,,,,,,,,,,,,,
Madhya Pradesh,16,Hoshangabad,,,,,,,,654,7,24,85,770,,,,,,,,,,,,,,,,,,,,,,,
Madhya Pradesh,17,Indore,,,,,,,,3702,,,,3702,,,,,,,,,,,,,,,,,,,,,,,
Madhya Pradesh,18,Jabalpur,,,,,,,,217,,,,217,,,,,,,,,,,,,,,,,,,,,,,
Madhya Pradesh,19,Jhabua,,,,,,,,,,,,0,,,,,,,,,,,,,,,,,,,,,,,
Madhya Pradesh,20,Mandla,,,,,,,,3,,,,3,,,,,,,,,,,,,,,,,,,,,,,
Madhya Pradesh,21,Mandsaur,,,,,,,,,,,,0,,,,,,,,,,,,,,,,,,,,,,,
Madhya Pradesh,22,Morena,,,,,,,,98,4,,35,137,,,,,,,,,,,,,,,,,,,,,,,
Madhya Pradesh,23,Narsinghpur,,,,,,,,1190,90,,,1280,,,,,,,,,,,,,,,,,,,,,,,
Madhya Pradesh,24,Khandba,,,,,,,,,,,,0,,,,,,,,,,,,,,,,,,,,,,,
Madhya Pradesh,25,Khargon,,,,,,,,46,,,,46,,,,,,,,,,,,,,,,,,,,,,,
Madhya Pradesh,26,Panna,,,,,,,,1,,,,1,,,,,,,,,,,,,,,,,,,,,,,
Madhya Pradesh,27,Raigarh,,,,,,,,167,4,,,171,,,,,,,,,,,,,,,,,,,,,,,
Madhya Pradesh,28,Raipur,,,,,,,,486,4,,15,505,,,,,,,,,,,,,,,,,,,,,,,
Madhya Pradesh,29,Raisen,,,,,,,,243,,,,243,,,,,,,,,,,,,,,,,,,,,,,
Madhya Pradesh,30,Rajgarh,,,,,,,,1,,,,1,,,,,,,,,,,,,,,,,,,,,,,
Madhya Pradesh,31,Rajnadgaon,,,,,,,,152,,101,35,288,,,,,,,,,,,,,,,,,,,,,,,
Madhya Pradesh,32,Ratlam,,,,,,,,1050,4,,,1054,,,,,,,,,,,,,,,,,,,,,,,
Madhya Pradesh,33,Reva,,,,,,,,98,,,3,101,,,,,,,,,,,,,,,,,,,,,,,
Madhya Pradesh,34,Sagar,,,,,,,,,,,,0,,,,,,,,,,,,,,,,,,,,,,,
Madhya Pradesh,35,Sarguja,,,,,,,,,,,,0,,,,,,,,,,,,,,,,,,,,,,,
Madhya Pradesh,36,Satna,,,,,,,,13,,,,13,,,,,,,,,,,,,,,,,,,,,,,
Madhya Pradesh,37,Seedhi,,,,,,,,,,8,,8,,,,,,,,,,,,,,,,,,,,,,,
Madhya Pradesh,38,Sehor,,,,,,,,791,10,,,801,,,,,,,,,,,,,,,,,,,,,,,
Madhya Pradesh,39,Shajapur,,,,,,,,36,,,,36,,,,,,,,,,,,,,,,,,,,,,,
Madhya Pradesh,40,Shahdoh,,,,,,,,,,,,0,,,,,,,,,,,,,,,,,,,,,,,
Madhya Pradesh,41,Shivpuri,,,,,,,,,,,,0,,,,,,,,,,,,,,,,,,,,,,,
Madhya Pradesh,42,Sivni,,,,,,,,3,,,,3,,,,,,,,,,,,,,,,,,,,,,,
Madhya Pradesh,43,Teekamgarh,,,,,,,,9,,,,9,,,,,,,,,,,,,,,,,,,,,,,
Madhya Pradesh,44,Ujjain,,,,,,,,3088,2,,,3090,,,,,,,,,,,,,,,,,,,,,,,
Madhya Pradesh,45,Vedesha,,,,,,,,3,,,,3,,,,,,,,,,,,,,,,,,,,,,,
Madhya Pradesh,,TOTAL,,,,,,,,21993,327,135,234,22689,,,,,,,,,,,,,,,,,,,,,,,
Madhya Pradesh,,check,,,,,,,,21980,327,135,234,22676,,,,,,,,,,,,,,,,,,,,,,,
,,,,,,,,,,,,,,,,,,,,,,,,,,,,,,,,,,,,,
Maharashtra,1,Ahmednagar,,,,,,,,290,,,,290,,,,,,,,,,,,,,,,,,,,,,,
Maharashtra,2,Akola,,,,,,,,13,1,,,14,,,,,,,,,,,,,,,,,,,,,,,
Maharashtra,3,Amravati,,,,,,,,25,,,,25,,,,,,,,,,,,,,,,,,,,,,,
Maharashtra,4,Aurangabad,,,,,,,,32,,,,32,,,,,,,,,,,,,,,,,,,,,,,
Maharashtra,5,Beed,,,,,,,,69,1,,4,74,,,,,,,,,,,,,,,,,,,,,,,
Maharashtra,6,Bhandara,,,,,,,,4,,,,4,,,,,,,,,,,,,,,,,,,,,,,
Maharashtra,7,Buldhana,,,,,,,,,,,,0,,,,,,,,,,,,,,,,,,,,,,,
Maharashtra,8,Chandrapur,,,,,,,,,,,,0,,,,,,,,,,,,,,,,,,,,,,,
Maharashtra,9,Dhule,,,,,,,,1612,18,,,1630,,,,,,,,,,,,,,,,,,,,,,,
Maharashtra,10,Gadchiroli,,,,,,,,281,25,,,306,,,,,,,,,,,,,,,,,,,,,,,
Maharashtra,11,Jalgaon,,,,,,,,46,,,,46,,,,,,,,,,,,,,,,,,,,,,,
Maharashtra,12,Jalna,,,,,,,,26,1,2,42,71,,,,,,,,,,,,,,,,,,,,,,,
Maharashtra,13,Kolhapur,,,,,,,,99,8,,,107,,,,,,,,,,,,,,,,,,,,,,,
Maharashtra,14,Latur,,,,,,,,327,52,,35,414,,,,,,,,,,,,,,,,,,,,,,,
Maharashtra,15,Nagpur,,,,,,,,26,,,2,28,,,,,,,,,,,,,,,,,,,,,,,
Maharashtra,16,Nanded,,,,,,,,680,14,,55,749,,,,,,,,,,,,,,,,,,,,,,,
Maharashtra,17,Nasik,,,,,,,,18,,,1,19,,,,,,,,,,,,,,,,,,,,,,,
Maharashtra,18,Osmanabad,,,,,,,,135,,,,135,,,,,,,,,,,,,,,,,,,,,,,
Maharashtra,19,Parbhani,,,,,,,,12,,,,12,,,,,,,,,,,,,,,,,,,,,,,
Maharashtra,20,Pune,,,,,,,,14,,1,,15,,,,,,,,,,,,,,,,,,,,,,,
Maharashtra,21,Raigad,,,,,,,,1,,,,1,,,,,,,,,,,,,,,,,,,,,,,
Maharashtra,22,Ratnagiri,,,,,,,,,,,,0,,,,,,,,,,,,,,,,,,,,,,,
Maharashtra,23,Sangli,,,,,,,,46,,,,46,,,,,,,,,,,,,,,,,,,,,,,
Maharashtra,24,Satara,,,,,,,,8,3,,,11,,,,,,,,,,,,,,,,,,,,,,,
Maharashtra,25,Sindhudurg,,,,,,,,,,,,0,,,,,,,,,,,,,,,,,,,,,,,
Maharashtra,26,Solapur,,,,,,,,96,5,,,101,,,,,,,,,,,,,,,,,,,,,,,
Maharashtra,27,Thane,,,,,,,,130,2,,,132,,,,,,,,,,,,,,,,,,,,,,,
Maharashtra,28,Wardha,,,,,,,,,,,,0,,,,,,,,,,,,,,,,,,,,,,,
Maharashtra,29,Yavatmal,,,,,,,,1,,,,1,,,,,,,,,,,,,,,,,,,,,,,
Maharashtra,,TOTAL,,,,,,,,3991,130,3,139,4263,,,,,,,,,,,,,,,,,,,,,,,
Maharashtra,,check,,,,,,,,3991,130,3,139,4263,,,,,,,,,,,,,,,,,,,,,,,
,,,,,,,,,,,,,,,,,,,,,,,,,,,,,,,,,,,,,
Manipur,1,Bishenpur,,,,,,,,,,20,,20,,,,,,,,,,,,,,,,,,,,,,,
Manipur,2,Chendal,,,,,,,,,,39,,39,,,,,,,,,,,,,,,,,,,,,,,
Manipur,3,Churachandpur,,,,,,,,,,77,,77,,,,,,,,,,,,,,,,,,,,,,,
Manipur,4,Imphal,,,,,,,,,,125,,125,,,,,,,,,,,,,,,,,,,,,,,
Manipur,5,Senapati,,,,,,,,,,89,,89,,,,,,,,,,,,,,,,,,,,,,,
Manipur,6,Tamenlong,,,,,,,,,,21,,21,,,,,,,,,,,,,,,,,,,,,,,
Manipur,7,Thoubal,,,,,,,,,,63,,63,,,,,,,,,,,,,,,,,,,,,,,
Manipur,8,Ukhrul,,,,,,,,,,60,,60,,,,,,,,,,,,,,,,,,,,,,,
Manipur,,TOTAL,,,,,,,,,,494,,494,,,,,,,,,,,,,,,,,,,,,,,
Manipur,,check,,,,,,,,0,0,494,0,494,,,,,,,,,,,,,,,,,,,,,,,
,,,,,,,,,,,,,,,,,,,,,,,,,,,,,,,,,,,,,
Meghalaya,1,East Garo Hills,,,,,,,,,,,,0,,,,,,,,,,,,,,,,,,,,,,,
Meghalaya,2,East Khasi Hills,,,,,,,,,,,,0,,,,,,,,,,,,,,,,,,,,,,,
Meghalaya,3,Jaintia Hills,,,,,,,,,,,,0,,,,,,,,,,,,,,,,,,,,,,,
Meghalaya,4,West Garo Hills,,,,,,,,,410,,,410,,,,,,,,,,,,,,,,,,,,,,,
Meghalaya,5,West Khasi Hills,,,,,,,,,,,,0,,,,,,,,,,,,,,,,,,,,,,,
Meghalaya,,TOTAL,,,,,,,,,410,,,410,,,,,,,,,,,,,,,,,,,,,,,
Meghalaya,,check,,,,,,,,0,410,0,0,410,,,,,,,,,,,,,,,,,,,,,,,
,,,,,,,,,,,,,,,,,,,,,,,,,,,,,,,,,,,,,
Nagaland,1,Kohima,,,,,,,,,,,,,,,,,,,,,,,,,,,,,,,,,,,
Nagaland,2,Lunheleoto,,,,,,,,,,,,,,,,,,,,,,,,,,,,,,,,,,,
Nagaland,3,Moko chung,,,,,,,,,,,,,,,,,,,,,,,,,,,,,,,,,,,
Nagaland,4,Mon,,,,,,,,,,,,,,,,,,,,,,,,,,,,,,,,,,,
Nagaland,5,Phek,,,,,,,,,,,,,,,,,,,,,,,,,,,,,,,,,,,
Nagaland,6,Thensan,,,,,,,,,,,,,,,,,,,,,,,,,,,,,,,,,,,
Nagaland,7,Wokha,,,,,,,,,,,,,,,,,,,,,,,,,,,,,,,,,,,
Nagaland,,TOTAL,,,,,,,,,,,,,,,,,,,,,,,,,,,,,,,,,,,
Nagaland,,check,,,,,,,,,,,,,,,,,,,,,,,,,,,,,,,,,,,
,,,,,,,,,,,,,,,,,,,,,,,,,,,,,,,,,,,,,
Orissa,1,Balasore,,,,,,,,848,974,1,5,1828,,,,,,,,,,,,,,,,,,,,,,,
Orissa,2,Bolangir,,,,,,,,,,,,0,,,,,,,,,,,,,,,,,,,,,,,
Orissa,3,Cuttack,,,,,,,,2136,104,,1,2241,,,,,,,,,,,,,,,,,,,,,,,
Orissa,4,Dhenkanal,,,,,,,,1,,,2,3,,,,,,,,,,,,,,,,,,,,,,,
Orissa,5,Gaajam,,,,,,,,577,4,,,581,,,,,,,,,,,,,,,,,,,,,,,
Orissa,6,Kalahandi,,,,,,,,3,,,,3,,,,,,,,,,,,,,,,,,,,,,,
Orissa,7,Keonjihar,,,,,,,,37,,,,37,,,,,,,,,,,,,,,,,,,,,,,
Orissa,8,Koraput,,,,,,,,296,,,,296,,,,,,,,,,,,,,,,,,,,,,,
Orissa,9,Mayyubhanj,,,,,,,,61,2,1,2,66,,,,,,,,,,,,,,,,,,,,,,,
Orissa,10,Phulbani,,,,,,,,,,,,0,,,,,,,,,,,,,,,,,,,,,,,
Orissa,11,Puri,,,,,,,,743,39,2,5,789,,,,,,,,,,,,,,,,,,,,,,,
Orissa,12,Sambalpur,,,,,,,,1,,,,1,,,,,,,,,,,,,,,,,,,,,,,
Orissa,13,Sundargarh,,,,,,,,3,,,,3,,,,,,,,,,,,,,,,,,,,,,,
Orissa,,TOTAL,,,,,,,,4706,1123,4,15,5848,,,,,,,,,,,,,,,,,,,,,,,
Orissa,,check,,,,,,,,4706,1123,4,15,5848,,,,,,,,,,,,,,,,,,,,,,,
,,,,,,,,,,,,,,,,,,,,,,,,,,,,,,,,,,,,,
Punjab,1,Amritsar,,,,,,,,69611,4621,,326,74558,,,,,,,,,,,,,,,,,,,,,,,
Punjab,2,Bathinda,,,,,,,,9823,24693,7505,2320,44341,,,,,,,,,,,,,,,,,,,,,,,
Punjab,3,Fardkot,,,,,,,,30217,36829,15041,4746,86833,,,,,,,,,,,,,,,,,,,,,,,
Punjab,4,Ferozipur,,,,,,,,47542,24827,16339,6020,94728,,,,,,,,,,,,,,,,,,,,,,,
Punjab,5,Gurdaspur,,,,,,,,43814,5180,,470,49464,,,,,,,,,,,,,,,,,,,,,,,
Punjab,6,Hoshiarpur,,,,,,,,25575,8821,11711,1305,47412,,,,,,,,,,,,,,,,,,,,,,,
Punjab,7,Jalandhar,,,,,,,,54517,23188,5008,1239,83952,,,,,,,,,,,,,,,,,,,,,,,
Punjab,8,Kapurthala,,,,,,,,23647,13822,3050,78,40597,,,,,,,,,,,,,,,,,,,,,,,
Punjab,9,Ludhiana,,,,,,,,58040,27271,26245,4568,116124,,,,,,,,,,,,,,,,,,,,,,,
Punjab,10,Patiala,,,,,,,,55002,28723,16312,341,100378,,,,,,,,,,,,,,,,,,,,,,,
Punjab,11,Ropar,,,,,,,,10321,7354,4007,166,21848,,,,,,,,,,,,,,,,,,,,,,,
Punjab,12,Sangrur,,,,,,,,56472,31305,20947,1016,109740,,,,,,,,,,,,,,,,,,,,,,,
Punjab,,TOTAL,,,,,,,,484581,236634,126165,22595,869975,,,,,,,,,,,,,,,,,,,,,,,
Punjab,,check,,,,,,,,484581,236634,126165,22595,869975,,,,,,,,,,,,,,,,,,,,,,,
,,,,,,,,,,,,,,,,,,,,,,,,,,,,,,,,,,,,,
Tamil Nadu,1,Anna,,,,,,,,22,11,,,33,,,,,,,,,,,,,,,,,,,,,,,
Tamil Nadu,2,Chengleput,,,,,,,,6845,462,49,21,7377,,,,,,,,,,,,,,,,,,,,,,,
Tamil Nadu,3,Coimbatore,,,,,,,,31,,,1,32,,,,,,,,,,,,,,,,,,,,,,,
Tamil Nadu,4,Dharmapuri,,,,,,,,5,1,,,6,,,,,,,,,,,,,,,,,,,,,,,
Tamil Nadu,5,Kamrajar,,,,,,,,,,,,0,,,,,,,,,,,,,,,,,,,,,,,
Tamil Nadu,6,Kannyakumari,,,,,,,,,,,,0,,,,,,,,,,,,,,,,,,,,,,,
Tamil Nadu,7,Madurai,,,,,,,,331,151,,6,488,,,,,,,,,,,,,,,,,,,,,,,
Tamil Nadu,8,Nilgiris,,,,,,,,,,,,0,,,,,,,,,,,,,,,,,,,,,,,
Tamil Nadu,9,North Arcot,,,,,,,,181,42,,,223,,,,,,,,,,,,,,,,,,,,,,,
Tamil Nadu,10,P. Muthuramalingam,,,,,,,,113,35,,4,152,,,,,,,,,,,,,,,,,,,,,,,
Tamil Nadu,11,Periyar,,,,,,,,2,4,,,6,,,,,,,,,,,,,,,,,,,,,,,
Tamil Nadu,12,Pudukottai,,,,,,,,227,308,3,3,541,,,,,,,,,,,,,,,,,,,,,,,
Tamil Nadu,13,Ramanathapuram,,,,,,,,121,39,,,160,,,,,,,,,,,,,,,,,,,,,,,
Tamil Nadu,14,Salem,,,,,,,,138,8,,2,148,,,,,,,,,,,,,,,,,,,,,,,
Tamil Nadu,15,South Arcot,,,,,,,,36836,4666,7,13,41522,,,,,,,,,,,,,,,,,,,,,,,
Tamil Nadu,16,Thanjavur,,,,,,,,19651,15548,,,35199,,,,,,,,,,,,,,,,,,,,,,,
Tamil Nadu,17,Tiruchirapelli,,,,,,,,3255,6095,,,9350,,,,,,,,,,,,,,,,,,,,,,,
Tamil Nadu,18,Tirinelveli,,,,,,,,1,,,,1,,,,,,,,,,,,,,,,,,,,,,,
Tamil Nadu,19,V.O. Chidambaranar,,,,,,,,124,11,,,135,,,,,,,,,,,,,,,,,,,,,,,
Tamil Nadu,,TOTAL,,,,,,,,67883,27381,59,50,95373,,,,,,,,,,,,,,,,,,,,,,,
Tamil Nadu,,check,,,,,,,,67883,27381,59,50,95373,,,,,,,,,,,,,,,,,,,,,,,
,,,,,,,,,,,,,,,,,,,,,,,,,,,,,,,,,,,,,
Tripura,1,North Tripura,,,,,,,,1,1,,20,22,,,,,,,,,,,,,,,,,,,,,,,
Tripura,2,South Tripura,,,,,,,,25,,,693,718,,,,,,,,,,,,,,,,,,,,,,,
Tripura,3,West Tripura,,,,,,,,49,1,26,5500,5576,,,,,,,,,,,,,,,,,,,,,,,
Tripura,,TOTAL,,,,,,,,75,2,26,6213,6316,,,,,,,,,,,,,,,,,,,,,,,
Tripura,,check,,,,,,,,75,2,26,6213,6316,,,,,,,,,,,,,,,,,,,,,,,
,,,,,,,,,,,,,,,,,,,,,,,,,,,,,,,,,,,,,
Uttar Pradesh,1,Agra,,,,,,,,8093,34858,,272,43223,,,,,,,,,,,,,,,,,,,,,,,
Uttar Pradesh,2,Aligarh,,,,,,,,18310,28790,,,47100,,,,,,,,,,,,,,,,,,,,,,,
Uttar Pradesh,3,Allahabad,,,,,,,,8395,16313,30,,24738,,,,,,,,,,,,,,,,,,,,,,,
Uttar Pradesh,4,Almora,,,,,,,,,,,,0,,,,,,,,,,,,,,,,,,,,,,,
Uttar Pradesh,5,Azamgarh,,,,,,,,24246,29321,,18,53585,,,,,,,,,,,,,,,,,,,,,,,
Uttar Pradesh,6,Bahraich,,,,,,,,935,24781,,128,25844,,,,,,,,,,,,,,,,,,,,,,,
Uttar Pradesh,7,Ballia,,,,,,,,6250,13643,,1,19894,,,,,,,,,,,,,,,,,,,,,,,
Uttar Pradesh,8,Banda,,,,,,,,830,2788,4,8,3630,,,,,,,,,,,,,,,,,,,,,,,
Uttar Pradesh,9,Barabanki,,,,,,,,1302,27358,,25,28685,,,,,,,,,,,,,,,,,,,,,,,
Uttar Pradesh,10,Bareilly,,,,,,,,2023,31112,,4666,37801,,,,,,,,,,,,,,,,,,,,,,,
Uttar Pradesh,11,Basti,,,,,,,,3580,59479,,40,63099,,,,,,,,,,,,,,,,,,,,,,,
Uttar Pradesh,12,Bijnor,,,,,,,,17439,36160,,2453,56052,,,,,,,,,,,,,,,,,,,,,,,
Uttar Pradesh,13,Budaun,,,,,,,,6498,33163,,574,40235,,,,,,,,,,,,,,,,,,,,,,,
Uttar Pradesh,14,Bulandshaher,,,,,,,,31342,16167,,258,47767,,,,,,,,,,,,,,,,,,,,,,,
Uttar Pradesh,15,Chamoli,,,,,,,,,,,,0,,,,,,,,,,,,,,,,,,,,,,,
Uttar Pradesh,16,Dehradun,,,,,,,,165,206,,1,372,,,,,,,,,,,,,,,,,,,,,,,
Uttar Pradesh,17,Deoria,,,,,,,,3046,40486,74,66,43672,,,,,,,,,,,,,,,,,,,,,,,
Uttar Pradesh,18,Etah,,,,,,,,6603,22671,,,29274,,,,,,,,,,,,,,,,,,,,,,,
Uttar Pradesh,19,Etawah,,,,,,,,1993,19576,,6,21575,,,,,,,,,,,,,,,,,,,,,,,
Uttar Pradesh,20,Faizabad,,,,,,,,12905,28457,9,74,41445,,,,,,,,,,,,,,,,,,,,,,,
Uttar Pradesh,21,Farrukhabad,,,,,,,,6301,38170,,1,44472,,,,,,,,,,,,,,,,,,,,,,,
Uttar Pradesh,22,Fatehpur,,,,,,,,3591,11273,,24,14888,,,,,,,,,,,,,,,,,,,,,,,
Uttar Pradesh,23,Ghaziabad,,,,,,,,13100,14603,,74,27777,,,,,,,,,,,,,,,,,,,,,,,
Uttar Pradesh,24,Ghazipur,,,,,,,,16181,9883,,,26064,,,,,,,,,,,,,,,,,,,,,,,
Uttar Pradesh,25,Gonda,,,,,,,,1541,55007,,419,56967,,,,,,,,,,,,,,,,,,,,,,,
Uttar Pradesh,26,Gorakhpur,,,,,,,,2868,55354,,6,58228,,,,,,,,,,,,,,,,,,,,,,,
Uttar Pradesh,27,Hamirpur,,,,,,,,284,2473,23,2,2782,,,,,,,,,,,,,,,,,,,,,,,
Uttar Pradesh,28,Hardoi,,,,,,,,679,29400,58,16,30153,,,,,,,,,,,,,,,,,,,,,,,
Uttar Pradesh,29,Jalaun,,,,,,,,289,804,,,1093,,,,,,,,,,,,,,,,,,,,,,,
Uttar Pradesh,30,Jaunpur,,,,,,,,14381,29664,16,17,44078,,,,,,,,,,,,,,,,,,,,,,,
Uttar Pradesh,31,Jhansi,,,,,,,,669,146,,,815,,,,,,,,,,,,,,,,,,,,,,,
Uttar Pradesh,32,Kanpur Dehat,,,,,,,,1884,23432,,56,25372,,,,,,,,,,,,,,,,,,,,,,,
Uttar Pradesh,33,Kanpur Nagar,,,,,,,,1904,4861,,,6765,,,,,,,,,,,,,,,,,,,,,,,
Uttar Pradesh,34,Kheri,,,,,,,,2641,37135,,85,39861,,,,,,,,,,,,,,,,,,,,,,,
Uttar Pradesh,35,Lalitpur,,,,,,,,11,,,,11,,,,,,,,,,,,,,,,,,,,,,,
Uttar Pradesh,36,Lucknow,,,,,,,,2542,10743,,9,13294,,,,,,,,,,,,,,,,,,,,,,,
Uttar Pradesh,37,Mainpuri,,,,,,,,8529,25908,,91,34528,,,,,,,,,,,,,,,,,,,,,,,
Uttar Pradesh,38,Mathura,,,,,,,,5872,14178,,530,20580,,,,,,,,,,,,,,,,,,,,,,,
Uttar Pradesh,39,Meerut,,,,,,,,27911,22321,,2379,52611,,,,,,,,,,,,,,,,,,,,,,,
Uttar Pradesh,40,Mirzapur,,,,,,,,1478,2151,,55,3684,,,,,,,,,,,,,,,,,,,,,,,
Uttar Pradesh,41,Moradabad,,,,,,,,11919,76317,163,2785,91184,,,,,,,,,,,,,,,,,,,,,,,
Uttar Pradesh,42,Muzaffarnagar,,,,,,,,24448,32262,,1131,57841,,,,,,,,,,,,,,,,,,,,,,,
Uttar Pradesh,43,Nainital,,,,,,,,3885,11220,,831,15936,,,,,,,,,,,,,,,,,,,,,,,
Uttar Pradesh,44,Pauri Garhwal,,,,,,,,,,,,0,,,,,,,,,,,,,,,,,,,,,,,
Uttar Pradesh,45,Pilibhit,,,,,,,,2534,30722,,57,33313,,,,,,,,,,,,,,,,,,,,,,,
Uttar Pradesh,46,Pithoragarh,,,,,,,,,,,,0,,,,,,,,,,,,,,,,,,,,,,,
Uttar Pradesh,47,Pratapgarh,,,,,,,,3641,20284,,6,23931,,,,,,,,,,,,,,,,,,,,,,,
Uttar Pradesh,48,Rai Bareli,,,,,,,,6289,14192,2,31,20514,,,,,,,,,,,,,,,,,,,,,,,
Uttar Pradesh,49,Rampur,,,,,,,,2682,24385,,2629,29696,,,,,,,,,,,,,,,,,,,,,,,
Uttar Pradesh,50,Saharanpur,,,,,,,,16413,50376,,91,66880,,,,,,,,,,,,,,,,,,,,,,,
Uttar Pradesh,51,Shajahanpur,,,,,,,,2901,38413,,1321,42635,,,,,,,,,,,,,,,,,,,,,,,
Uttar Pradesh,52,Sitapur,,,,,,,,893,30920,1,3444,35258,,,,,,,,,,,,,,,,,,,,,,,
Uttar Pradesh,53,Sultanpur,,,,,,,,5530,18318,,4,23852,,,,,,,,,,,,,,,,,,,,,,,
Uttar Pradesh,54,Tehri Garhwal,,,,,,,,,6,,,6,,,,,,,,,,,,,,,,,,,,,,,
Uttar Pradesh,55,Unnao,,,,,,,,1718,21701,,,23419,,,,,,,,,,,,,,,,,,,,,,,
Uttar Pradesh,56,Uttarkashi,,,,,,,,,,,,0,,,,,,,,,,,,,,,,,,,,,,,
Uttar Pradesh,57,Varanasi,,,,,,,,14253,8719,,61,23033,,,,,,,,,,,,,,,,,,,,,,,
Uttar Pradesh,,TOTAL,,,,,,,,363717,1230670,380,24745,1619512,,,,,,,,,,,,,,,,,,,,,,,
Uttar Pradesh,,check,,,,,,,,363717,1230670,380,24745,1619512,,,,,,,,,,,,,,,,,,,,,,,
,,,,,,,,,,,,,,,,,,,,,,,,,,,,,,,,,,,,,
West Bengal,1,Bankura,,,,,,,,898,11786,174,144,13002,,,,,,,,,,,,,,,,,,,,,,,
West Bengal,2,Birbhum,,,,,,,,2272,12384,3,2,14661,,,,,,,,,,,,,,,,,,,,,,,
West Bengal,3,Burdwan,,,,,,,,3130,33446,471,,37047,,,,,,,,,,,,,,,,,,,,,,,
West Bengal,4,Cooch Behar,,,,,,,,245,8218,2730,138,11331,,,,,,,,,,,,,,,,,,,,,,,
West Bengal,5,Darjeeling,,,,,,,,21,99,692,2,814,,,,,,,,,,,,,,,,,,,,,,,
West Bengal,6,Hooghly,,,,,,,,3131,20365,13,3,23512,,,,,,,,,,,,,,,,,,,,,,,
West Bengal,7,Howrah,,,,,,,,64,1111,2,,1177,,,,,,,,,,,,,,,,,,,,,,,
West Bengal,8,Jalpaiguri,,,,,,,,80,1504,2784,2,4370,,,,,,,,,,,,,,,,,,,,,,,
West Bengal,9,Malda,,,,,,,,1094,18918,26,63,20101,,,,,,,,,,,,,,,,,,,,,,,
West Bengal,10,Midnapore,,,,,,,,3750,38492,422,1125,43789,,,,,,,,,,,,,,,,,,,,,,,
West Bengal,11,Murshidabad,,,,,,,,3224,49242,233,,52699,,,,,,,,,,,,,,,,,,,,,,,
West Bengal,12,Nadia,,,,,,,,10481,50369,287,,61137,,,,,,,,,,,,,,,,,,,,,,,
West Bengal,13,North 24 Parganas,,,,,,,,4164,50524,29,36,54753,,,,,,,,,,,,,,,,,,,,,,,
West Bengal,14,Purulia,,,,,,,,,,,,0,,,,,,,,,,,,,,,,,,,,,,,
West Bengal,15,South 24 Parganas,,,,,,,,4,5272,229,4,5509,,,,,,,,,,,,,,,,,,,,,,,
West Bengal,16,West Dinajpur,,,,,,,,679,21891,68,2,22640,,,,,,,,,,,,,,,,,,,,,,,
West Bengal,,TOTAL,,,,,,,,33237,323621,8163,1521,366542,,,,,,,,,,,,,,,,,,,,,,,
West Bengal,,check,,,,,,,,33237,323621,8163,1521,366542,,,,,,,,,,,,,,,,,,,,,,,
,,,,,,,,,,,,,,,,,,,,,,,,,,,,,,,,,,,,,
Chandigarh,1,Chandigarh,,,,,,,,156,11,,,167,,,,,,,,,,,,,,,,,,,,,,,
Chandigarh,,TOTAL,,,,,,,,156,11,,,167,,,,,,,,,,,,,,,,,,,,,,,
Chandigarh,,check,,,,,,,,156,11,0,0,167,,,,,,,,,,,,,,,,,,,,,,,
,,,,,,,,,,,,,,,,,,,,,,,,,,,,,,,,,,,,,
Dadra Nagar Haveli,1,Dadra Nagar Haveli,,,,,,,,6,1,,,7,,,,,,,,,,,,,,,,,,,,,,,
Dadra Nagar Haveli,,TOTAL,,,,,,,,6,1,,,7,,,,,,,,,,,,,,,,,,,,,,,
Dadra Nagar Haveli,,check,,,,,,,,6,1,0,0,7,,,,,,,,,,,,,,,,,,,,,,,
,,,,,,,,,,,,,,,,,,,,,,,,,,,,,,,,,,,,,
Daman and Diu,1,Daman,,,,,,,,3,,,,3,,,,,,,,,,,,,,,,,,,,,,,
Daman and Diu,2,Diu,,,,,,,,,,,,0,,,,,,,,,,,,,,,,,,,,,,,
Daman and Diu,,TOTAL,,,,,,,,3,,,,,,,,,,,,,,,,,,,,,,,,,,,
Daman and Diu,,check,,,,,,,,3,0,0,0,3,,,,,,,,,,,,,,,,,,,,,,,
,,,,,,,,,,,,,,,,,,,,,,,,,,,,,,,,,,,,,
Pondicherry,1,Pondicherry,,,,,,,,1039,155,,11,1205,,,,,,,,,,,,,,,,,,,,,,,
Pondicherry,,TOTAL,,,,,,,,1039,155,,11,1205,,,,,,,,,,,,,,,,,,,,,,,
Pondicherry,,check,,,,,,,,1039,155,0,11,1205,,,,,,,,,,,,,,,,,,,,,,,
,,,,,,,,,,,,,,,,,,,,,,,,,,,,,,,,,,,,,
Delhi,1,Delhi,,,,,,,,10597,3067,,488,14152,,,,,,,,,,,,,,,,,,,,,,,
Delhi,,TOTAL,,,,,,,,10597,3067,,488,14152,,,,,,,,,,,,,,,,,,,,,,,
Delhi,,check,,,,,,,,10597,3067,0,488,14152,,,,,,,,,,,,,,,,,,,,,,,
